﻿

<linker>

	<assembly fullname="Assembly-CSharp">
	    <type fullname="UsePropLua" preserve="all"/>
		<type fullname="Tutorial.BaseClass" preserve="all"/>
		<type fullname="Tutorial.TestEnum" preserve="all"/>
		<type fullname="Tutorial.DerivedClass" preserve="all"/>
		<type fullname="Tutorial.ICalc" preserve="all"/>
		<type fullname="Tutorial.DerivedClassExtensions" preserve="all"/>
		<type fullname="XLuaTest.LuaBehaviour" preserve="all"/>
		<type fullname="XLuaTest.Pedding" preserve="all"/>
		<type fullname="XLuaTest.MyStruct" preserve="all"/>
		<type fullname="XLuaTest.MyEnum" preserve="all"/>
		<type fullname="XLuaTest.NoGc" preserve="all"/>
		<type fullname="XLuaTest.BaseTest" preserve="all"/>
		<type fullname="XLuaTest.Foo1Parent" preserve="all"/>
		<type fullname="XLuaTest.Foo2Parent" preserve="all"/>
		<type fullname="XLuaTest.Foo1Child" preserve="all"/>
		<type fullname="XLuaTest.Foo2Child" preserve="all"/>
		<type fullname="XLuaTest.Foo" preserve="all"/>
		<type fullname="XLuaTest.FooExtension" preserve="all"/>
		<type fullname="Tutorial.DerivedClass+TestEnumInner" preserve="all"/>
		
	</assembly>

	<assembly fullname="mscorlib">
	    <type fullname="System.Object" preserve="all"/>
		<type fullname="System.Collections.Generic.List`1[System.Int32]" preserve="all"/>
		
	</assembly>

	<assembly fullname="UnityEngine.CoreModule">
	    <type fullname="UnityEngine.Object" preserve="all"/>
		<type fullname="UnityEngine.Vector2" preserve="all"/>
		<type fullname="UnityEngine.Vector3" preserve="all"/>
		<type fullname="UnityEngine.Vector4" preserve="all"/>
		<type fullname="UnityEngine.Quaternion" preserve="all"/>
		<type fullname="UnityEngine.Color" preserve="all"/>
		<type fullname="UnityEngine.Ray" preserve="all"/>
		<type fullname="UnityEngine.Bounds" preserve="all"/>
		<type fullname="UnityEngine.Ray2D" preserve="all"/>
		<type fullname="UnityEngine.Time" preserve="all"/>
		<type fullname="UnityEngine.GameObject" preserve="all"/>
		<type fullname="UnityEngine.Component" preserve="all"/>
		<type fullname="UnityEngine.Behaviour" preserve="all"/>
		<type fullname="UnityEngine.Transform" preserve="all"/>
		<type fullname="UnityEngine.Resources" preserve="all"/>
		<type fullname="UnityEngine.TextAsset" preserve="all"/>
		<type fullname="UnityEngine.Keyframe" preserve="all"/>
		<type fullname="UnityEngine.AnimationCurve" preserve="all"/>
		<type fullname="UnityEngine.MonoBehaviour" preserve="all"/>
		<type fullname="UnityEngine.SkinnedMeshRenderer" preserve="all"/>
		<type fullname="UnityEngine.Renderer" preserve="all"/>
		<type fullname="UnityEngine.Light" preserve="all"/>
		<type fullname="UnityEngine.Mathf" preserve="all"/>
		<type fullname="UnityEngine.Debug" preserve="all"/>
		<type fullname="UnityEngine.WaitForSeconds" preserve="all"/>
		
	</assembly>

	<assembly fullname="UnityEngine.AnimationModule">
	    <type fullname="UnityEngine.AnimationClip" preserve="all"/>
		
	</assembly>

	<assembly fullname="UnityEngine.ParticleSystemModule">
	    <type fullname="UnityEngine.ParticleSystem" preserve="all"/>
		
	</assembly>

</linker>